Titulo|Preço|Link|Kabum
Placa de vídeo Nvidia Gigabyte  Gaming GeForce RTX 20 Series RTX 2060 GV-N2060GAMING OC-6GD OC Edition 6GB|4.599|https://produto.mercadolivre.com.br/MLB-2221504698-placa-de-video-galax-rtx-2060-12gb-gddr6-192-bit-_JM#position=48&search_layout=grid&type=item&tracking_id=0d42dbf2-97c7-4e79-824d-c06ca1dd3c6f|MercadoLivre
Placa de vídeo Nvidia MSI  Ventus GeForce RTX 20 Series RTX 2060 GeForce RTX 2060 VENTUS 12G OC 12GB|2.199|https://produto.mercadolivre.com.br/MLB-2221504698-placa-de-video-galax-rtx-2060-12gb-gddr6-192-bit-_JM#position=48&search_layout=grid&type=item&tracking_id=0d42dbf2-97c7-4e79-824d-c06ca1dd3c6f|MercadoLivre
Placa de vídeo Nvidia Galax  GeForce RTX 20 Series RTX 2060 SUPER 26ISL6HP68LD OC Edition 8GB|2.350|https://produto.mercadolivre.com.br/MLB-2221504698-placa-de-video-galax-rtx-2060-12gb-gddr6-192-bit-_JM#position=48&search_layout=grid&type=item&tracking_id=0d42dbf2-97c7-4e79-824d-c06ca1dd3c6f|MercadoLivre
Placa de vídeo Nvidia Gainward  Ghost GeForce RTX 20 Series RTX 2060 SUPER NE6206S018P2-1160X 8GB|2.445|https://produto.mercadolivre.com.br/MLB-2221504698-placa-de-video-galax-rtx-2060-12gb-gddr6-192-bit-_JM#position=48&search_layout=grid&type=item&tracking_id=0d42dbf2-97c7-4e79-824d-c06ca1dd3c6f|MercadoLivre
Placa de vídeo Nvidia Galax  GeForce RTX 20 Series RTX 2060 26NRL7HP68NC 12GB|2.078|https://produto.mercadolivre.com.br/MLB-2221504698-placa-de-video-galax-rtx-2060-12gb-gddr6-192-bit-_JM#position=48&search_layout=grid&type=item&tracking_id=0d42dbf2-97c7-4e79-824d-c06ca1dd3c6f|MercadoLivre
Placa De Video Gigabyte Geforce Rtx2060 12gb Ddr6 Hdmi/dp|2.599|https://produto.mercadolivre.com.br/MLB-2221504698-placa-de-video-galax-rtx-2060-12gb-gddr6-192-bit-_JM#position=48&search_layout=grid&type=item&tracking_id=0d42dbf2-97c7-4e79-824d-c06ca1dd3c6f|MercadoLivre
Rtx 2060 12gb Plus 1click Oc G6 192b 26nrl7hp68nc Galax|2.344|https://produto.mercadolivre.com.br/MLB-2221504698-placa-de-video-galax-rtx-2060-12gb-gddr6-192-bit-_JM#position=48&search_layout=grid&type=item&tracking_id=0d42dbf2-97c7-4e79-824d-c06ca1dd3c6f|MercadoLivre
Placa de vídeo Nvidia Galax  GeForce RTX 20 Series RTX 2060 26NRL7HP68CX 6GB|2.176|https://produto.mercadolivre.com.br/MLB-2221504698-placa-de-video-galax-rtx-2060-12gb-gddr6-192-bit-_JM#position=48&search_layout=grid&type=item&tracking_id=0d42dbf2-97c7-4e79-824d-c06ca1dd3c6f|MercadoLivre
Placa de vídeo Nvidia Evga  KO Gaming GeForce RTX 20 Series RTX 2060 06G-P4-2068-KR 6GB|1.899|https://produto.mercadolivre.com.br/MLB-2221504698-placa-de-video-galax-rtx-2060-12gb-gddr6-192-bit-_JM#position=48&search_layout=grid&type=item&tracking_id=0d42dbf2-97c7-4e79-824d-c06ca1dd3c6f|MercadoLivre
Placa De Vídeo Msi Ventus Rtx 2060 Super Oc Edition 8gb|1.749|https://produto.mercadolivre.com.br/MLB-2221504698-placa-de-video-galax-rtx-2060-12gb-gddr6-192-bit-_JM#position=48&search_layout=grid&type=item&tracking_id=0d42dbf2-97c7-4e79-824d-c06ca1dd3c6f|MercadoLivre
Placa De Video Nvidia Geforce Rtx 2060 Super 8gb Gddr6 Pci-e|1.999|https://produto.mercadolivre.com.br/MLB-2221504698-placa-de-video-galax-rtx-2060-12gb-gddr6-192-bit-_JM#position=48&search_layout=grid&type=item&tracking_id=0d42dbf2-97c7-4e79-824d-c06ca1dd3c6f|MercadoLivre
Placa De Vídeo Nvidia Galax Rtx 2060 Plus 1-click Oc 12gb|1.975|https://produto.mercadolivre.com.br/MLB-2221504698-placa-de-video-galax-rtx-2060-12gb-gddr6-192-bit-_JM#position=48&search_layout=grid&type=item&tracking_id=0d42dbf2-97c7-4e79-824d-c06ca1dd3c6f|MercadoLivre
Placa De Video Gf Rtx2060 6gb 194b Ddr6 Ventus G |2.180|https://produto.mercadolivre.com.br/MLB-2221504698-placa-de-video-galax-rtx-2060-12gb-gddr6-192-bit-_JM#position=48&search_layout=grid&type=item&tracking_id=0d42dbf2-97c7-4e79-824d-c06ca1dd3c6f|MercadoLivre
Placa de vídeo Nvidia MSI  Ventus GeForce RTX 20 Series RTX 2060 GEFORCE RTX 2060 VENTUS 6G OC OC Edition 6GB|2.099|https://produto.mercadolivre.com.br/MLB-2221504698-placa-de-video-galax-rtx-2060-12gb-gddr6-192-bit-_JM#position=48&search_layout=grid&type=item&tracking_id=0d42dbf2-97c7-4e79-824d-c06ca1dd3c6f|MercadoLivre
Placa De Vídeo Galax Geforce Rtx 2060 26nrl7hp68nc 12gb|2.390|https://produto.mercadolivre.com.br/MLB-2221504698-placa-de-video-galax-rtx-2060-12gb-gddr6-192-bit-_JM#position=48&search_layout=grid&type=item&tracking_id=0d42dbf2-97c7-4e79-824d-c06ca1dd3c6f|MercadoLivre
Placa de vídeo Nvidia Asus  Dual GeForce RTX 20 Series RTX 2060 DUAL-RTX2060-O12G-EVO OC Edition 12GB|3.970|https://produto.mercadolivre.com.br/MLB-2221504698-placa-de-video-galax-rtx-2060-12gb-gddr6-192-bit-_JM#position=48&search_layout=grid&type=item&tracking_id=0d42dbf2-97c7-4e79-824d-c06ca1dd3c6f|MercadoLivre
Placa Video Colorful Geforce Gtx 1660 Super Nb 6gb|1.749|https://produto.mercadolivre.com.br/MLB-2221504698-placa-de-video-galax-rtx-2060-12gb-gddr6-192-bit-_JM#position=48&search_layout=grid&type=item&tracking_id=0d42dbf2-97c7-4e79-824d-c06ca1dd3c6f|MercadoLivre
Rtx 2060s 8gb Sup. Zotac (jiusho) - Pronta Entrega! Garantia|1.599|https://produto.mercadolivre.com.br/MLB-2221504698-placa-de-video-galax-rtx-2060-12gb-gddr6-192-bit-_JM#position=48&search_layout=grid&type=item&tracking_id=0d42dbf2-97c7-4e79-824d-c06ca1dd3c6f|MercadoLivre
Rtx 2060s 8gb Super Zotac (jiusho) - Garantia 12x - Brasil|1.499|https://produto.mercadolivre.com.br/MLB-2221504698-placa-de-video-galax-rtx-2060-12gb-gddr6-192-bit-_JM#position=48&search_layout=grid&type=item&tracking_id=0d42dbf2-97c7-4e79-824d-c06ca1dd3c6f|MercadoLivre
Placa Video Geforce Nvidia Rtx 2060, 6gb,windforce Promoçao|1.991|https://produto.mercadolivre.com.br/MLB-2221504698-placa-de-video-galax-rtx-2060-12gb-gddr6-192-bit-_JM#position=48&search_layout=grid&type=item&tracking_id=0d42dbf2-97c7-4e79-824d-c06ca1dd3c6f|MercadoLivre
Placa De Vídeo Galax Geforce Rtx 2060 Super 8gb Ddr6 Hdmi/dp|3.283|https://produto.mercadolivre.com.br/MLB-2221504698-placa-de-video-galax-rtx-2060-12gb-gddr6-192-bit-_JM#position=48&search_layout=grid&type=item&tracking_id=0d42dbf2-97c7-4e79-824d-c06ca1dd3c6f|MercadoLivre
Placa de vídeo Nvidia Galax  GeForce RTX 20 Series RTX 2060 26NRL7HPX7OC 6GB|4.709|https://produto.mercadolivre.com.br/MLB-2221504698-placa-de-video-galax-rtx-2060-12gb-gddr6-192-bit-_JM#position=48&search_layout=grid&type=item&tracking_id=0d42dbf2-97c7-4e79-824d-c06ca1dd3c6f|MercadoLivre
Placa De Vídeo Geforce Galax Rtx 2060 Plus 1-click Oc 12gb|2.078|https://produto.mercadolivre.com.br/MLB-2221504698-placa-de-video-galax-rtx-2060-12gb-gddr6-192-bit-_JM#position=48&search_layout=grid&type=item&tracking_id=0d42dbf2-97c7-4e79-824d-c06ca1dd3c6f|MercadoLivre
Placa De Vídeo Galax Geforce Rtx 2060 Geforce Plus 6gb Gddr6|2.198|https://produto.mercadolivre.com.br/MLB-2221504698-placa-de-video-galax-rtx-2060-12gb-gddr6-192-bit-_JM#position=48&search_layout=grid&type=item&tracking_id=0d42dbf2-97c7-4e79-824d-c06ca1dd3c6f|MercadoLivre
Placa De Vídeo Galax Geforce Rtx2060 12gb Ddr6 Hdmi/dp/dvi-d|3.590|https://produto.mercadolivre.com.br/MLB-2221504698-placa-de-video-galax-rtx-2060-12gb-gddr6-192-bit-_JM#position=48&search_layout=grid&type=item&tracking_id=0d42dbf2-97c7-4e79-824d-c06ca1dd3c6f|MercadoLivre
Placa De Vídeo Msi Geforce Rtx 2060 6gb Ddr6 192 Bits|2.767|https://produto.mercadolivre.com.br/MLB-2221504698-placa-de-video-galax-rtx-2060-12gb-gddr6-192-bit-_JM#position=48&search_layout=grid&type=item&tracking_id=0d42dbf2-97c7-4e79-824d-c06ca1dd3c6f|MercadoLivre
Placa De Video Gigabyte Geforce Rtx2060 12gb Ddr6 Hdmi/dp|2.599|https://produto.mercadolivre.com.br/MLB-2221504698-placa-de-video-galax-rtx-2060-12gb-gddr6-192-bit-_JM#position=48&search_layout=grid&type=item&tracking_id=0d42dbf2-97c7-4e79-824d-c06ca1dd3c6f|MercadoLivre
Placa De Vídeo Galax Nvidia Geforce Rtx 2060 6gb|4.943|https://produto.mercadolivre.com.br/MLB-2221504698-placa-de-video-galax-rtx-2060-12gb-gddr6-192-bit-_JM#position=48&search_layout=grid&type=item&tracking_id=0d42dbf2-97c7-4e79-824d-c06ca1dd3c6f|MercadoLivre
Placa de vídeo Nvidia Gigabyte  GeForce RTX 20 Series RTX 2060 GV-N2060D6-6GD (rev. 2.0) 6GB|1.999|https://produto.mercadolivre.com.br/MLB-2221504698-placa-de-video-galax-rtx-2060-12gb-gddr6-192-bit-_JM#position=48&search_layout=grid&type=item&tracking_id=0d42dbf2-97c7-4e79-824d-c06ca1dd3c6f|MercadoLivre
Placa De Video Gef Rtx 2060 Gddr6 6gb, 192 Dual Fan|2.198|https://produto.mercadolivre.com.br/MLB-2221504698-placa-de-video-galax-rtx-2060-12gb-gddr6-192-bit-_JM#position=48&search_layout=grid&type=item&tracking_id=0d42dbf2-97c7-4e79-824d-c06ca1dd3c6f|MercadoLivre
Placa De Vídeo Nvidia Geforce Rtx 2060 8gb Gddr6 Dp/n:0g7ch1|4.491|https://produto.mercadolivre.com.br/MLB-2221504698-placa-de-video-galax-rtx-2060-12gb-gddr6-192-bit-_JM#position=48&search_layout=grid&type=item&tracking_id=0d42dbf2-97c7-4e79-824d-c06ca1dd3c6f|MercadoLivre
Placa de vídeo Nvidia Gigabyte  GeForce RTX 20 Series RTX 2060 GV-N2060D6-12GD 12GB|2.399|https://produto.mercadolivre.com.br/MLB-2221504698-placa-de-video-galax-rtx-2060-12gb-gddr6-192-bit-_JM#position=48&search_layout=grid&type=item&tracking_id=0d42dbf2-97c7-4e79-824d-c06ca1dd3c6f|MercadoLivre
Placa Vídeo Gainward Rtx 2060 Super Ghost 8gb 256bits Gddr6|2.699|https://produto.mercadolivre.com.br/MLB-2221504698-placa-de-video-galax-rtx-2060-12gb-gddr6-192-bit-_JM#position=48&search_layout=grid&type=item&tracking_id=0d42dbf2-97c7-4e79-824d-c06ca1dd3c6f|MercadoLivre
Placa De Vídeo Galax Nvidia Geforce Rtx2060 Plus 6gb 192 Bit|2.402|https://produto.mercadolivre.com.br/MLB-2221504698-placa-de-video-galax-rtx-2060-12gb-gddr6-192-bit-_JM#position=48&search_layout=grid&type=item&tracking_id=0d42dbf2-97c7-4e79-824d-c06ca1dd3c6f|MercadoLivre
Placa De Vídeo Nvidia Rtx2060 6gb Ddr6 Ventus Gp Edition Msi|3.214|https://produto.mercadolivre.com.br/MLB-2221504698-placa-de-video-galax-rtx-2060-12gb-gddr6-192-bit-_JM#position=48&search_layout=grid&type=item&tracking_id=0d42dbf2-97c7-4e79-824d-c06ca1dd3c6f|MercadoLivre
Placa de vídeo Nvidia Zotac  Gaming GeForce RTX 20 Series RTX 2060 ZT-T20600H-10M 6GB|2.414|https://produto.mercadolivre.com.br/MLB-2221504698-placa-de-video-galax-rtx-2060-12gb-gddr6-192-bit-_JM#position=48&search_layout=grid&type=item&tracking_id=0d42dbf2-97c7-4e79-824d-c06ca1dd3c6f|MercadoLivre
Placa De Video Rtx 2060 De 6gb Gddr6 Gigabyte D6 Windforce|3.105|https://produto.mercadolivre.com.br/MLB-2221504698-placa-de-video-galax-rtx-2060-12gb-gddr6-192-bit-_JM#position=48&search_layout=grid&type=item&tracking_id=0d42dbf2-97c7-4e79-824d-c06ca1dd3c6f|MercadoLivre
Placa De Vídeo Geforce Rtx 20 Series Rtx 2060 6gb|4.990|https://produto.mercadolivre.com.br/MLB-2221504698-placa-de-video-galax-rtx-2060-12gb-gddr6-192-bit-_JM#position=48&search_layout=grid&type=item&tracking_id=0d42dbf2-97c7-4e79-824d-c06ca1dd3c6f|MercadoLivre
Placa De Vídeo Pcyes Geforce Rtx 2060 6gb Gddr6 192 Bits|2.462|https://produto.mercadolivre.com.br/MLB-2221504698-placa-de-video-galax-rtx-2060-12gb-gddr6-192-bit-_JM#position=48&search_layout=grid&type=item&tracking_id=0d42dbf2-97c7-4e79-824d-c06ca1dd3c6f|MercadoLivre
Placa De Vídeo Nvidia Galax  Geforce Series Rtx 2060 6gb|2.349|https://produto.mercadolivre.com.br/MLB-2221504698-placa-de-video-galax-rtx-2060-12gb-gddr6-192-bit-_JM#position=48&search_layout=grid&type=item&tracking_id=0d42dbf2-97c7-4e79-824d-c06ca1dd3c6f|MercadoLivre
Placa De Vídeo Asus Dual-rtx2060-o12g-evo 12g Ddr6|4.643|https://produto.mercadolivre.com.br/MLB-2221504698-placa-de-video-galax-rtx-2060-12gb-gddr6-192-bit-_JM#position=48&search_layout=grid&type=item&tracking_id=0d42dbf2-97c7-4e79-824d-c06ca1dd3c6f|MercadoLivre
Placa De Vídeo Amd Rx 6600m 8gb Gddr6 Melhor Que Rtx2060 + |1.551|https://produto.mercadolivre.com.br/MLB-2221504698-placa-de-video-galax-rtx-2060-12gb-gddr6-192-bit-_JM#position=48&search_layout=grid&type=item&tracking_id=0d42dbf2-97c7-4e79-824d-c06ca1dd3c6f|MercadoLivre
Rtx 2060 12gb Gddr6|2.980|https://produto.mercadolivre.com.br/MLB-2221504698-placa-de-video-galax-rtx-2060-12gb-gddr6-192-bit-_JM#position=48&search_layout=grid&type=item&tracking_id=0d42dbf2-97c7-4e79-824d-c06ca1dd3c6f|MercadoLivre
Placa De Vídeo Galax Geforce Rtx 2060 26nrl7hp68cx 6gb|2.176|https://produto.mercadolivre.com.br/MLB-2221504698-placa-de-video-galax-rtx-2060-12gb-gddr6-192-bit-_JM#position=48&search_layout=grid&type=item&tracking_id=0d42dbf2-97c7-4e79-824d-c06ca1dd3c6f|MercadoLivre
Placa De Vídeo Nvidia Geforce Rtx 2060 Gddr6 125gb Graffiti|3.486|https://produto.mercadolivre.com.br/MLB-2221504698-placa-de-video-galax-rtx-2060-12gb-gddr6-192-bit-_JM#position=48&search_layout=grid&type=item&tracking_id=0d42dbf2-97c7-4e79-824d-c06ca1dd3c6f|MercadoLivre
Geforce Rtx 2060 6gb 192 Bits Gddr6 Dual Fan Graffiti Series|2.490|https://produto.mercadolivre.com.br/MLB-2221504698-placa-de-video-galax-rtx-2060-12gb-gddr6-192-bit-_JM#position=48&search_layout=grid&type=item&tracking_id=0d42dbf2-97c7-4e79-824d-c06ca1dd3c6f|MercadoLivre
Placa De Vídeo Msi Rtx 2060 Ventus 4gb Gddr6 Gp Edition|2.185|https://produto.mercadolivre.com.br/MLB-2221504698-placa-de-video-galax-rtx-2060-12gb-gddr6-192-bit-_JM#position=48&search_layout=grid&type=item&tracking_id=0d42dbf2-97c7-4e79-824d-c06ca1dd3c6f|MercadoLivre
Placa De Vídeo Galax Rtx 2060 12gb Gddr6 192 Bit|3.999|https://produto.mercadolivre.com.br/MLB-2221504698-placa-de-video-galax-rtx-2060-12gb-gddr6-192-bit-_JM#position=48&search_layout=grid&type=item&tracking_id=0d42dbf2-97c7-4e79-824d-c06ca1dd3c6f|MercadoLivre
